,gpt2_mintaka,gpt2_mintaka_both,gpt_neo_mintaka_both,gpt_neo_mintaka,gpt2_wikimia,gpt2_wikimia_both,gpt_neo_wikimia_both,gpt_neo_wikimia
gpt2_mintaka,0.7767857142857143,0.3462856277487869,0.3379338443125971,0.8467785183482724,0.33021566509596323,0.3237704918032787,0.3736111111111111,0.5082283570088448
gpt2_mintaka_both,0.2360669020197928,0.6390977443609023,0.6355906468266019,0.15611814345991562,0.33601609657947684,0.3426294820717131,0.32926829268292684,0.27312775330396477
gpt_neo_mintaka_both,0.22958298939716787,0.6406109613656783,0.6347402597402598,0.15044794562866853,0.32926829268292684,0.3426294820717131,0.32790224032586557,0.26339285714285715
gpt_neo_mintaka,0.782118517392516,0.33987138873608136,0.3248081841432225,0.8467785183482724,0.33021566509596323,0.3237704918032787,0.34917355371900827,0.4363634333939874
gpt2_wikimia,0.6430749478414379,0.3563218390804598,0.33390691349116036,0.6772458310919849,0.8175115207373271,0.6488808322824716,0.8122534252324681,0.9301947006833378
gpt2_wikimia_both,0.6362611747227132,0.36902164792750464,0.34782160031370607,0.6703275640657045,0.7969678325788117,0.7528912555121059,0.8727225977079047,0.9117638923464166
gpt_neo_wikimia_both,0.6213444812228794,0.3871606204669942,0.36173089925625423,0.6429814844120905,0.808695652173913,0.7356043396706601,0.8632735174153631,0.9271415955254636
gpt_neo_wikimia,0.5156695156695157,0.3554721166745359,0.338822643018044,0.5441595441595442,0.7412987012987013,0.5178679975685446,0.7010491043162315,0.930297269746811
