,gpt2_mintaka,gpt2_mintaka_both,gpt_neo_mintaka_both,gpt_neo_mintaka,gpt2_wikimia,gpt2_wikimia_both,gpt_neo_wikimia_both,gpt_neo_wikimia
gpt2_mintaka,0.4635084522724972,0.4603068541029529,0.5058027666943471,0.46675011735252697,0.6241872084052753,0.377099529705346,0.5065310609136553,0.7092229484386348
gpt2_mintaka_both,0.4998790029845931,0.47150735294117646,0.46339751924545436,0.4553376906318083,0.6180555555555556,0.5297805642633229,0.5878787878787879,0.7418037479485515
gpt_neo_mintaka_both,0.47779651120835,0.44410444716442266,0.4666700690904683,0.4667607123964027,0.5803278021385477,0.3476506298908657,0.47630434782608694,0.7733751023057602
gpt_neo_mintaka,0.5028248587570622,0.48350822137229904,0.4900932400932401,0.5511082016272327,0.23846153846153847,0.28079206276723817,0.1682459066100667,0.11188940092165899
gpt2_wikimia,0.23791378899738033,0.2626411454169447,0.2240308776640376,0.2336397439235242,0.8175115207373271,0.6488808322824716,0.8122534252324681,0.9301947006833378
gpt2_wikimia_both,0.26589206523371933,0.27475045000818193,0.2466044142614601,0.24512917628337905,0.7969678325788117,0.7528912555121059,0.8727225977079047,0.9117638923464166
gpt_neo_wikimia_both,0.24861091886975262,0.26793943383805136,0.22619167151970332,0.23235784343021829,0.808695652173913,0.7356043396706601,0.8632735174153631,0.9271415955254636
gpt_neo_wikimia,0.2245781972780021,0.258919855768273,0.2233847481393593,0.22243672243672244,0.7412987012987013,0.5178679975685446,0.7010491043162315,0.930297269746811
